{"cameraMode":{"drawMode":0,"name":"Shaded","section":"Shading Mode"},"sceneLighting":true,"audioPlay":false,"sceneViewState":{"m_AlwaysRefresh":false,"showFog":true,"showSkybox":true,"showFlares":true,"showImageEffects":true,"showParticleSystems":true,"showVisualEffectGraphs":true,"m_FxEnabled":true},"in2DMode":false,"pivot":{"x":-0.15636014938354493,"y":3.427079677581787,"z":-5.311558723449707},"rotation":{"x":-0.14347773790359498,"y":0.8543851971626282,"z":-0.31897133588790896,"w":-0.38431429862976076},"size":4.866759777069092,"orthographic":false}