{"cameraMode":{"drawMode":0,"name":"Shaded","section":"Shading Mode"},"sceneLighting":true,"audioPlay":false,"sceneViewState":{"m_AlwaysRefresh":false,"showFog":true,"showSkybox":true,"showFlares":true,"showImageEffects":true,"showParticleSystems":true,"showVisualEffectGraphs":true,"m_FxEnabled":true},"in2DMode":false,"pivot":{"x":2.078073024749756,"y":-5.4468674659729,"z":2.0009117126464845},"rotation":{"x":0.7866702079772949,"y":-0.0009260583319701254,"z":0.0011800061911344529,"w":0.6173717379570007},"size":6.297801494598389,"orthographic":true}